Open,High,Low,Close,DateTime
51764.5,51764.5,51418.8,51456,04-11-2024 09:15
51454.35,51460.05,51349.45,51358.2,04-11-2024 09:20
51349.7,51408.7,51316.45,51325.4,04-11-2024 09:25
51320.65,51415.35,51296.55,51311.55,04-11-2024 09:30
51310.45,51363.2,51295.15,51306.65,04-11-2024 09:35
51307.05,51368.85,51303.1,51328.55,04-11-2024 09:40
51326.85,51326.85,51285.7,51318.2,04-11-2024 09:45
51317.15,51360.2,51294.05,51314.75,04-11-2024 09:50
51314.2,51392.25,51304.25,51386.45,04-11-2024 09:55
51382.1,51413.25,51340.95,51348.7,04-11-2024 10:00
51348.55,51348.55,51299.8,51307.8,04-11-2024 10:05
51307.05,51317.35,51272.65,51301.55,04-11-2024 10:10
51301.35,51333.25,51278.05,51312.05,04-11-2024 10:15
51310.55,51342.4,51296.65,51324.5,04-11-2024 10:20
51325.3,51335.1,51295.9,51310.65,04-11-2024 10:25
51306.55,51355.35,51298.65,51314.6,04-11-2024 10:30
51317.5,51324.5,51281.55,51284.1,04-11-2024 10:35
51284.55,51308,51276.6,51299.55,04-11-2024 10:40
51301.1,51323.5,51263.1,51285,04-11-2024 10:45
51284.45,51290.7,51252.5,51264.3,04-11-2024 10:50
51263.4,51272.65,51233.6,51249.7,04-11-2024 10:55
51248.6,51256.25,51225.65,51249.1,04-11-2024 11:00
51242.95,51269.25,51190.95,51205.45,04-11-2024 11:05
51201.05,51208.3,51094.25,51121.4,04-11-2024 11:10
51121.55,51139.05,51076.4,51104,04-11-2024 11:15
51104.8,51153.9,51101.4,51116.35,04-11-2024 11:20
51117.4,51162.9,51114.25,51123.75,04-11-2024 11:25
51125.65,51130.15,51092.35,51096.4,04-11-2024 11:30
51097.5,51114.75,51087.75,51092.5,04-11-2024 11:35
51092.85,51110.4,51066.8,51099.45,04-11-2024 11:40
51098.65,51109.1,51076.55,51087.5,04-11-2024 11:45
51087.6,51107.7,51082,51107.7,04-11-2024 11:50
51103,51118.65,51088,51100.85,04-11-2024 11:55
51100.8,51165.45,51097.25,51156.5,04-11-2024 12:00
51159.25,51174.65,51116.8,51116.8,04-11-2024 12:05
51117.2,51132.55,51095.2,51102.65,04-11-2024 12:10
51096.4,51113.85,51069.9,51083.9,04-11-2024 12:15
51084.3,51106.1,51073,51078.1,04-11-2024 12:20
51076.5,51103.7,51071.7,51094.35,04-11-2024 12:25
51092.75,51117.15,51082.05,51112.85,04-11-2024 12:30
51112,51130.7,51097.6,51105.6,04-11-2024 12:35
51103.9,51138.35,51095.45,51120.85,04-11-2024 12:40
51121.3,51134.85,51095.8,51106.5,04-11-2024 12:45
51111.7,51115.3,51088.5,51091.1,04-11-2024 12:50
51090.4,51100.95,51077.8,51090.7,04-11-2024 12:55
51090.45,51116.5,51089.95,51107.95,04-11-2024 13:00
51106.9,51136.45,51090.85,51131.05,04-11-2024 13:05
51128.1,51165,51110.15,51143.4,04-11-2024 13:10
51143.05,51166.8,51108.6,51124.8,04-11-2024 13:15
51126.45,51134.5,51111.05,51118.5,04-11-2024 13:20
51117.2,51139.3,51111.8,51128.95,04-11-2024 13:25
51132.1,51157.55,51120.45,51144.15,04-11-2024 13:30
51149.3,51173.35,51131.65,51170.95,04-11-2024 13:35
51172.2,51204.3,51158,51175.85,04-11-2024 13:40
51176.05,51189.3,51158.35,51180.35,04-11-2024 13:45
51179.55,51195.05,51157.5,51170.5,04-11-2024 13:50
51170,51184.55,51134.45,51177.6,04-11-2024 13:55
51178.45,51224.75,51173,51210.5,04-11-2024 14:00
51207,51221.8,51173.1,51204.8,04-11-2024 14:05
51205,51223.7,51200.2,51210.85,04-11-2024 14:10
51207.65,51230.05,51166,51170.9,04-11-2024 14:15
51172.45,51214.7,51167.75,51180.8,04-11-2024 14:20
51180.9,51196.35,51141.8,51175.45,04-11-2024 14:25
51176,51199.6,51169,51178.8,04-11-2024 14:30
51172.5,51202.95,51165.1,51195.95,04-11-2024 14:35
51193.4,51203.45,51163.35,51172.6,04-11-2024 14:40
51170.5,51210.9,51155.6,51204.35,04-11-2024 14:45
51201.3,51222.9,51191.55,51211.15,04-11-2024 14:50
51208.75,51212.6,51165.6,51191.1,04-11-2024 14:55
51192.8,51236.6,51162.65,51200.95,04-11-2024 15:00
51201.05,51235.2,51175.85,51235.2,04-11-2024 15:05
51233.45,51233.45,51206.4,51218.95,04-11-2024 15:10
51218.15,51254.9,51181.15,51233.65,04-11-2024 15:15
51230.75,51253.25,51222.7,51250.85,04-11-2024 15:20
51250.4,51260.8,51205.1,51227.2,04-11-2024 15:25
51052.6,51279.75,51050,51263.85,05-11-2024 09:15
51268.3,51268.3,51124.1,51229.9,05-11-2024 09:20
51229.05,51267.4,51173.9,51185,05-11-2024 09:25
51185.8,51279.9,51155,51197.35,05-11-2024 09:30
51191.2,51195.65,51078.45,51107.4,05-11-2024 09:35
51106.4,51134.2,51065.4,51134.2,05-11-2024 09:40
51134.8,51145.3,51102.5,51122.95,05-11-2024 09:45
51127.05,51170.95,51080.2,51124.2,05-11-2024 09:50
51123.8,51188.4,51123.65,51147.8,05-11-2024 09:55
51145.1,51250.3,51112,51209.55,05-11-2024 10:00
51212.3,51248.5,51179.85,51248.5,05-11-2024 10:05
51250.65,51261.7,51204.45,51207.95,05-11-2024 10:10
51206.95,51226.7,51165.25,51203.15,05-11-2024 10:15
51203.85,51241,51200.45,51236.85,05-11-2024 10:20
51237.4,51443.7,51227.05,51410.7,05-11-2024 10:25
51406.9,51414,51215.25,51254.5,05-11-2024 10:30
51251.55,51253.7,51026.9,51113.5,05-11-2024 10:35
51114.4,51152.65,51082.75,51102.15,05-11-2024 10:40
51100.8,51186.35,51078.6,51180.25,05-11-2024 10:45
51179.25,51237.15,51141.55,51166.75,05-11-2024 10:50
51165.85,51167.65,51072.05,51118.1,05-11-2024 10:55
51115.15,51146.75,51080.85,51117.85,05-11-2024 11:00
51119.35,51185.6,51113.7,51181.45,05-11-2024 11:05
51182.95,51252.25,51172.1,51240.6,05-11-2024 11:10
51238.4,51278.85,51171.35,51184.15,05-11-2024 11:15
51182.4,51231.7,51126.55,51150.05,05-11-2024 11:20
51158.2,51174.2,51101.8,51109.7,05-11-2024 11:25
51114.4,51196.45,51082.1,51170.2,05-11-2024 11:30
51172.6,51193.45,51048.5,51050,05-11-2024 11:35
51050.35,51073.25,50865.45,50940.95,05-11-2024 11:40
50964.15,51010.1,50938.8,51000.95,05-11-2024 11:50
50997.4,51085.7,50954.45,51031.65,05-11-2024 11:55
51029.95,51087.05,50941.2,51085.75,05-11-2024 12:00
51079.4,51148.25,51047.05,51129.4,05-11-2024 12:05
51129.6,51135.65,50961.9,51029.1,05-11-2024 12:10
51030.55,51108.9,50996.5,51091.4,05-11-2024 12:15
51091.15,51098.1,50941.9,50964.05,05-11-2024 12:20
50957.5,51008.85,50922.75,50994.65,05-11-2024 12:25
50989.45,51024.7,50978.4,51007.1,05-11-2024 12:30
51007.7,51087.25,50976.25,51055.1,05-11-2024 12:35
51054.5,51095.1,51035.15,51072.55,05-11-2024 12:40
51073.65,51159.95,51061.3,51125.6,05-11-2024 12:45
51125.6,51230.85,51090.2,51127.4,05-11-2024 12:50
51125.7,51132.05,51078.15,51100.65,05-11-2024 12:55
51095.75,51167.85,51074.95,51157.95,05-11-2024 13:00
51155.15,51155.15,51005.65,51016.25,05-11-2024 13:05
51010.55,51148.75,51004.55,51113.55,05-11-2024 13:10
51112.9,51177.7,51101.05,51126.95,05-11-2024 13:15
51127.05,51377.95,51100.2,51357.2,05-11-2024 13:20
51360.65,51713.1,51300.7,51673.55,05-11-2024 13:25
51682.9,51886.6,51682.9,51778.4,05-11-2024 13:30
51779.5,51806.8,51703.7,51705.15,05-11-2024 13:35
51701.8,51783.1,51695.9,51768.95,05-11-2024 13:40
51768.25,51868.05,51754.45,51813.5,05-11-2024 13:45
51814.6,51892.65,51788.05,51853.3,05-11-2024 13:50
51853.15,51984.45,51842.4,51957.4,05-11-2024 13:55
51957.4,52093.4,51947.15,52093.4,05-11-2024 14:00
52086.25,52127.55,52047.4,52104.9,05-11-2024 14:05
52098.3,52130.35,52080,52110.1,05-11-2024 14:10
52112.5,52167.25,52059.65,52155.65,05-11-2024 14:15
52155.45,52159.2,52086.35,52131.15,05-11-2024 14:20
52128.3,52173.3,52116.9,52141.9,05-11-2024 14:25
52140.6,52185.3,52120.6,52150.7,05-11-2024 14:30
52149.65,52165.3,52103.7,52162.6,05-11-2024 14:35
52164.15,52213.9,52151.9,52165.25,05-11-2024 14:40
52165.25,52178.65,52125.7,52131.2,05-11-2024 14:45
52129.9,52162.65,52103.85,52147.95,05-11-2024 14:50
52152.05,52167.4,52115.4,52135.6,05-11-2024 14:55
52138.15,52265.85,52138.15,52257.35,05-11-2024 15:00
52260.75,52289.55,52239,52248.3,05-11-2024 15:05
52251.7,52251.7,52166.95,52192.9,05-11-2024 15:10
52190.2,52209.65,52155.2,52174.15,05-11-2024 15:15
52171.3,52185.6,52128.65,52174.65,05-11-2024 15:20
52173.9,52174.05,52094.4,52105.85,05-11-2024 15:25
52440.4,52493.95,52278.3,52454.9,06-11-2024 09:15
52455.75,52470,52256.35,52399.25,06-11-2024 09:20
52402.45,52402.7,52301.8,52395.05,06-11-2024 09:25
52400.55,52426.4,52317.05,52331.6,06-11-2024 09:30
52334.35,52352.55,52269.65,52324.3,06-11-2024 09:35
52324.75,52371.95,52279.95,52325.15,06-11-2024 09:40
52324.7,52386.3,52291.25,52362.85,06-11-2024 09:45
52365.9,52415.8,52346.05,52350.6,06-11-2024 09:50
52345.45,52358.6,52284.3,52313.1,06-11-2024 09:55
52314.5,52389.95,52299.85,52378.05,06-11-2024 10:00
52377.6,52409.4,52356.95,52371.65,06-11-2024 10:05
52369.3,52384.7,52331.3,52340.15,06-11-2024 10:10
52341.45,52364.3,52321.4,52353.55,06-11-2024 10:15
52351.7,52354.5,52319.4,52326.35,06-11-2024 10:20
52326.75,52334.6,52209.7,52233,06-11-2024 10:25
52228.3,52262.4,52185.4,52246.95,06-11-2024 10:30
52248.7,52268.2,52239.5,52261.3,06-11-2024 10:35
52260,52261.8,52218.4,52227.95,06-11-2024 10:40
52227.25,52261.3,52223.85,52243.8,06-11-2024 10:45
52244.85,52365.7,52233.6,52314.7,06-11-2024 10:50
52320.65,52355.65,52306.35,52343.2,06-11-2024 10:55
52341.3,52360.85,52313.95,52315.6,06-11-2024 11:00
52314.85,52322.1,52299.15,52312.95,06-11-2024 11:05
52317.45,52331.8,52312.15,52321.75,06-11-2024 11:10
52320.35,52337.9,52312.95,52317.2,06-11-2024 11:15
52317.3,52340.85,52306.4,52317.4,06-11-2024 11:20
52319.5,52338,52312.9,52329.05,06-11-2024 11:25
52328.5,52396.3,52324.3,52390.5,06-11-2024 11:30
52387.15,52392.1,52349.35,52360.65,06-11-2024 11:35
52359.1,52383.25,52347.8,52383.25,06-11-2024 11:40
52384.45,52406.45,52363.45,52385.05,06-11-2024 11:45
52384.3,52430.15,52378,52415.2,06-11-2024 11:50
52421.6,52451.15,52411.5,52443.55,06-11-2024 11:55
52443.95,52450.55,52400.35,52411.85,06-11-2024 12:00
52411.4,52420.9,52388.35,52402.9,06-11-2024 12:05
52402.95,52411.8,52388.95,52395.95,06-11-2024 12:10
52395.95,52408.7,52361.5,52385.8,06-11-2024 12:15
52386.25,52387.1,52348.95,52369.8,06-11-2024 12:20
52369.05,52385.05,52364.55,52376.55,06-11-2024 12:25
52377.65,52397,52369.7,52385.9,06-11-2024 12:30
52385.9,52406.7,52383.25,52395.85,06-11-2024 12:35
52399.6,52409.8,52372.75,52383.95,06-11-2024 12:40
52384.2,52387,52360.15,52379.5,06-11-2024 12:45
52373.5,52385.75,52349.15,52356.85,06-11-2024 12:50
52356.1,52367.4,52343,52352.2,06-11-2024 12:55
52347.75,52368.15,52326.7,52362.5,06-11-2024 13:00
52359.15,52375.45,52342.3,52344.7,06-11-2024 13:05
52346.75,52378.1,52329.3,52341.45,06-11-2024 13:10
52338.25,52343.85,52295.95,52315.6,06-11-2024 13:15
52315.6,52332.85,52284.25,52327.75,06-11-2024 13:20
52330,52351.05,52316.5,52327.05,06-11-2024 13:25
52324.7,52351.45,52320.25,52340,06-11-2024 13:30
52340,52359.35,52327.8,52355.8,06-11-2024 13:35
52356.1,52357.05,52323.85,52344.8,06-11-2024 13:40
52343.7,52348.05,52314.8,52328.85,06-11-2024 13:45
52328,52344.4,52315.4,52342.7,06-11-2024 13:50
52343,52354.8,52334.3,52342.85,06-11-2024 13:55
52341.1,52355.05,52326.45,52334.6,06-11-2024 14:00
52329.3,52371.4,52327.35,52364.65,06-11-2024 14:05
52362.55,52377.25,52347,52352.9,06-11-2024 14:10
52355.1,52403.65,52340.05,52401.45,06-11-2024 14:15
52400.85,52409.4,52373.05,52391.3,06-11-2024 14:20
52389.25,52397.3,52375.6,52390.5,06-11-2024 14:25
52389.5,52396.7,52351.65,52363.25,06-11-2024 14:30
52362.6,52368.45,52281.2,52284.65,06-11-2024 14:35
52285.65,52285.65,52242.7,52262.15,06-11-2024 14:40
52269,52282,52238.5,52263.15,06-11-2024 14:45
52261.65,52278.15,52232.35,52269.65,06-11-2024 14:50
52267.8,52295.95,52261.5,52284.1,06-11-2024 14:55
52281.4,52319.7,52281.4,52311,06-11-2024 15:00
52311.15,52315.55,52289.2,52300.8,06-11-2024 15:05
52303.55,52317.15,52282.9,52294.55,06-11-2024 15:10
52294.55,52357.65,52293.75,52326.4,06-11-2024 15:15
52328.65,52354.1,52322.4,52353.65,06-11-2024 15:20
52355.95,52396.5,52337.35,52384.55,06-11-2024 15:25
52258.95,52377.25,52177.85,52232,07-11-2024 09:15
52234.5,52288.4,52119.3,52119.3,07-11-2024 09:20
52121.4,52138,52025.75,52045.35,07-11-2024 09:25
52046.85,52087.15,52008.45,52074.45,07-11-2024 09:30
52081.55,52112.6,52044.35,52069.3,07-11-2024 09:35
52069.25,52126.6,52045.2,52110.7,07-11-2024 09:40
52113.5,52152.45,52073.55,52136.6,07-11-2024 09:45
52135.9,52135.9,52055.95,52088.8,07-11-2024 09:50
52089.85,52107.45,51947.1,51951.8,07-11-2024 09:55
51951.55,51952.95,51782.5,51803.3,07-11-2024 10:00
51805.1,51855.05,51769.4,51816.85,07-11-2024 10:05
51816.8,51835.45,51779,51835.45,07-11-2024 10:10
51839.15,51862,51815.55,51826.3,07-11-2024 10:15
51824.2,51876.65,51822.9,51865.35,07-11-2024 10:20
51865.25,51887.65,51787.9,51793,07-11-2024 10:25
51791.4,51816,51752.25,51776.85,07-11-2024 10:30
51776.7,51853.75,51772.15,51850.3,07-11-2024 10:35
51849.55,51873.3,51824.75,51850.75,07-11-2024 10:40
51852,51885.55,51841,51874.9,07-11-2024 10:45
51875.4,51987.25,51867.8,51986.05,07-11-2024 10:50
51988.3,52090.75,51986,52044.95,07-11-2024 10:55
52047.25,52062.85,51994.5,52000.95,07-11-2024 11:00
52004.55,52023.5,51951.5,51970.15,07-11-2024 11:05
51970,51972.25,51923.25,51957.25,07-11-2024 11:10
51958.15,51958.45,51824.95,51825.7,07-11-2024 11:15
51824.7,51874.25,51821.45,51864.35,07-11-2024 11:20
51863.95,51877.4,51833.75,51873.4,07-11-2024 11:25
51872.9,51899.3,51844.3,51858.4,07-11-2024 11:30
51856.4,51888.4,51848.05,51865.15,07-11-2024 11:35
51865.35,51896.1,51862.8,51867.05,07-11-2024 11:40
51865.6,51868.8,51837.8,51850.35,07-11-2024 11:45
51849.4,51884.5,51844.5,51863.65,07-11-2024 11:50
51861.8,51862.65,51821.3,51830.05,07-11-2024 11:55
51827.95,51837,51775.95,51789.25,07-11-2024 12:00
51790.3,51841.75,51785.1,51834.35,07-11-2024 12:05
51836.8,51897.45,51825.45,51869.3,07-11-2024 12:10
51870.8,51887.1,51824.65,51835.3,07-11-2024 12:15
51835.8,51883.8,51826.85,51881.9,07-11-2024 12:20
51882.4,51949.85,51882.4,51939.4,07-11-2024 12:25
51939.45,51977.3,51921.85,51922.1,07-11-2024 12:30
51926.55,51968.4,51923.4,51955.95,07-11-2024 12:35
51957.3,52004.7,51952.15,51975.7,07-11-2024 12:40
51975.55,51991.85,51961.05,51972.35,07-11-2024 12:45
51974.2,51996,51946.8,51955.15,07-11-2024 12:50
51956.95,51965.6,51934.7,51958.8,07-11-2024 12:55
51958.8,51992.4,51958.7,51980.7,07-11-2024 13:00
51988.75,52008.1,51973.65,51991.7,07-11-2024 13:05
51992.4,52062.65,51989.85,52061.05,07-11-2024 13:10
52061.9,52063.1,51978.2,51998.55,07-11-2024 13:15
51999.6,51999.6,51949,51952.55,07-11-2024 13:20
51952.95,51965.6,51921.15,51921.6,07-11-2024 13:25
51924,51941.85,51907.2,51917.65,07-11-2024 13:30
51919,51931.25,51901.65,51923.9,07-11-2024 13:35
51923.85,51934.6,51853.1,51857.7,07-11-2024 13:40
51860.75,51907.4,51855.1,51891,07-11-2024 13:45
51890.3,51914.45,51881.95,51895.9,07-11-2024 13:50
51897.4,51917.8,51891.05,51904.35,07-11-2024 13:55
51904.25,51925.2,51879.65,51914.5,07-11-2024 14:00
51916.7,51927.6,51898.25,51907.35,07-11-2024 14:05
51909.2,51954.6,51905.8,51948.45,07-11-2024 14:10
51950.8,51967.25,51935,51942.15,07-11-2024 14:15
51945.25,51947.9,51897.05,51898.8,07-11-2024 14:20
51897.2,51922.65,51880.15,51909.85,07-11-2024 14:25
51910.65,51913.7,51865.05,51870.6,07-11-2024 14:30
51872.5,51895.45,51862.65,51883.8,07-11-2024 14:35
51885.25,51890.75,51865.5,51883.2,07-11-2024 14:40
51883.75,51890.55,51862.75,51881.35,07-11-2024 14:45
51882.75,51897.8,51858.9,51864.4,07-11-2024 14:50
51864.55,51952.65,51862.65,51930.8,07-11-2024 14:55
51936.9,51977.5,51921.6,51937.8,07-11-2024 15:00
51937.75,51948.55,51903.6,51914.65,07-11-2024 15:05
51913.3,51921.35,51886.8,51894.45,07-11-2024 15:10
51893.6,51941.2,51891.3,51931.8,07-11-2024 15:15
51932.8,51934.1,51894.7,51910.5,07-11-2024 15:20
51911.1,51924.7,51868.95,51891.9,07-11-2024 15:25
51869.15,51909.05,51609.85,51686.25,08-11-2024 09:15
51685.6,51689.65,51609.05,51644.4,08-11-2024 09:20
51645.6,51859.5,51645.2,51830.45,08-11-2024 09:25
51826.4,51923.55,51778.05,51876.55,08-11-2024 09:30
51879.25,51899,51782.85,51792,08-11-2024 09:35
51793.05,51887.8,51770.1,51819.3,08-11-2024 09:40
51822.1,52007.15,51819.1,51938.65,08-11-2024 09:45
51937.5,51941.6,51720.8,51776.45,08-11-2024 09:50
51776.75,51810.95,51742.05,51794.9,08-11-2024 09:55
51801.5,51815.65,51731.75,51755.5,08-11-2024 10:00
51752.25,51808.75,51719.9,51805.9,08-11-2024 10:05
51806.45,51862.15,51780.25,51826.45,08-11-2024 10:10
51825.35,51832.65,51784.1,51809.05,08-11-2024 10:15
51807.7,51850.95,51804,51832.85,08-11-2024 10:20
51834,51853.2,51769.05,51773,08-11-2024 10:25
51773.1,51793.15,51737.3,51739.15,08-11-2024 10:30
51739.65,51752.7,51704.6,51732.4,08-11-2024 10:35
51733.85,51755.25,51653.3,51657.95,08-11-2024 10:40
51661.4,51666.35,51559.2,51602.35,08-11-2024 10:45
51601.45,51652.65,51596.95,51623,08-11-2024 10:50
51621.95,51650.4,51608.15,51645.55,08-11-2024 10:55
51644.7,51656.9,51604.2,51625.9,08-11-2024 11:00
51625.3,51644.2,51592.3,51616.85,08-11-2024 11:05
51615.55,51680.75,51610.35,51669.45,08-11-2024 11:10
51668.6,51683.25,51631.45,51666.25,08-11-2024 11:15
51666.55,51677.1,51626.45,51636.45,08-11-2024 11:20
51631.85,51641.8,51616,51630.35,08-11-2024 11:25
51628.8,51660.25,51616.5,51654.35,08-11-2024 11:30
51654.2,51681.8,51641.35,51663.35,08-11-2024 11:35
51662.05,51677.75,51648.55,51672,08-11-2024 11:40
51671.65,51671.65,51629.35,51636.25,08-11-2024 11:45
51636.1,51637.2,51583.6,51596.9,08-11-2024 11:50
51597.3,51602.55,51510.25,51522.8,08-11-2024 11:55
51524.5,51547,51502.55,51535.25,08-11-2024 12:00
51535.6,51551.75,51495.05,51520.85,08-11-2024 12:05
51523.3,51567.2,51513.25,51550.8,08-11-2024 12:10
51550,51620.05,51542.95,51588.55,08-11-2024 12:15
51586.95,51593.3,51565.25,51581.85,08-11-2024 12:20
51583.55,51616.25,51576.85,51594,08-11-2024 12:25
51594.75,51663.55,51583.55,51654.5,08-11-2024 12:30
51660.3,51689.65,51639.2,51651.2,08-11-2024 12:35
51656.05,51659.9,51628.85,51653.05,08-11-2024 12:40
51657,51665.3,51616.1,51627.3,08-11-2024 12:45
51626.7,51637.35,51596,51628.2,08-11-2024 12:50
51631.1,51657.25,51613.95,51656.5,08-11-2024 12:55
51656.35,51659.6,51620.35,51642.65,08-11-2024 13:00
51648.15,51676.9,51632.9,51662.75,08-11-2024 13:05
51661.1,51730.4,51658.5,51724.1,08-11-2024 13:10
51725.8,51741.45,51690.65,51712.8,08-11-2024 13:15
51713.45,51830.55,51706.45,51811.2,08-11-2024 13:20
51807.7,51862.15,51785.15,51803.3,08-11-2024 13:25
51802.75,51838.7,51785.55,51803.15,08-11-2024 13:30
51803.7,51852.6,51760,51850.2,08-11-2024 13:35
51847.35,51849.95,51751,51795.85,08-11-2024 13:40
51795.55,51819.65,51778.95,51785.95,08-11-2024 13:45
51792.3,51824.6,51740.2,51766.7,08-11-2024 13:50
51766.4,51772.6,51657.35,51715.6,08-11-2024 13:55
51710.9,51736.1,51677.15,51729.1,08-11-2024 14:00
51726.7,51747.6,51683.55,51686.5,08-11-2024 14:05
51690.95,51700.45,51606.8,51631.35,08-11-2024 14:10
51630.65,51639.2,51542.35,51546.75,08-11-2024 14:15
51546.45,51582.95,51532.45,51561,08-11-2024 14:20
51558.4,51597.75,51545.75,51576.1,08-11-2024 14:25
51576.45,51578.85,51505.85,51513.7,08-11-2024 14:30
51510.95,51552.15,51505,51540.75,08-11-2024 14:35
51540.8,51673.75,51536.4,51644.05,08-11-2024 14:40
51644.6,51652.65,51583.75,51622.45,08-11-2024 14:45
51622.3,51639.5,51597.6,51620.6,08-11-2024 14:50
51620.05,51665.6,51619.3,51644.5,08-11-2024 14:55
51644.6,51652.75,51533.25,51541.8,08-11-2024 15:00
51541.25,51586.45,51523.8,51576.75,08-11-2024 15:05
51581,51581,51542.15,51550.7,08-11-2024 15:10
51552.65,51585.4,51550.9,51565.65,08-11-2024 15:15
51566.85,51586.35,51533.45,51548.65,08-11-2024 15:20
51551.15,51551.75,51494,51532.15,08-11-2024 15:25
51562.7,51568.7,51311.6,51350.3,11-11-2024 09:15
51367,51493.25,51367,51463.85,11-11-2024 09:25
51462.3,51604.4,51450.6,51578.55,11-11-2024 09:30
51574.1,51631.85,51472.8,51478.65,11-11-2024 09:35
51479.45,51540.05,51404,51520.4,11-11-2024 09:40
51522.1,51625,51502.6,51583.6,11-11-2024 09:45
51586.25,51609.85,51535.45,51598.75,11-11-2024 09:50
51600.2,51674.15,51559.85,51624,11-11-2024 09:55
51618.75,51636.8,51524,51545.6,11-11-2024 10:00
51546.2,51591.35,51510.55,51578.6,11-11-2024 10:05
51578.3,51582.35,51533.85,51545.95,11-11-2024 10:10
51545.3,51577.85,51522.35,51531.3,11-11-2024 10:15
51532.8,51591.15,51531.5,51584.55,11-11-2024 10:20
51584.1,51757.35,51575.4,51746.9,11-11-2024 10:25
51748.8,51837.95,51740,51802.55,11-11-2024 10:30
51805.55,51936.7,51800.1,51889.15,11-11-2024 10:35
51887.45,51921.15,51835.2,51867.15,11-11-2024 10:40
51861.75,51905.35,51836.7,51871.85,11-11-2024 10:45
51871.9,51914.2,51848.9,51905.4,11-11-2024 10:50
51905.35,52017.2,51904.95,52017.2,11-11-2024 10:55
52017.85,52023.55,51955.05,51988.05,11-11-2024 11:00
51985.2,51997.15,51936.65,51978.75,11-11-2024 11:05
51979.3,52104.5,51977.35,52103.15,11-11-2024 11:10
52098.25,52163.25,52098.25,52135.25,11-11-2024 11:15
52137.3,52146.05,52085.3,52123.2,11-11-2024 11:20
52124.05,52170.4,52060.9,52138.2,11-11-2024 11:25
52137.65,52150.15,52103.45,52145.9,11-11-2024 11:30
52145.4,52154.1,52105.75,52116.6,11-11-2024 11:35
52112.65,52177.7,52111.15,52169.7,11-11-2024 11:40
52168.9,52174.1,52117.55,52126.8,11-11-2024 11:45
52128.25,52139.2,52092.1,52110.35,11-11-2024 11:50
52110.65,52127,52092.7,52110.6,11-11-2024 11:55
52111.4,52135.45,52070.5,52112.15,11-11-2024 12:00
52113.15,52116.2,52065.45,52075.45,11-11-2024 12:05
52075.25,52092.1,52042.95,52091.2,11-11-2024 12:10
52091.55,52109.5,52028.75,52030.55,11-11-2024 12:15
52031.05,52031.3,51963.5,51996,11-11-2024 12:20
51994.65,52028.05,51974.85,52019,11-11-2024 12:25
52021.05,52075.85,52021.05,52044.55,11-11-2024 12:30
52044.35,52098.4,52042.25,52075.1,11-11-2024 12:35
52075.1,52075.95,52030,52040.15,11-11-2024 12:40
52040.8,52069.55,52020.1,52022.25,11-11-2024 12:45
52021.65,52045.85,52005.65,52025.35,11-11-2024 12:50
52025.1,52034.35,52003.4,52029,11-11-2024 12:55
52029.8,52041.95,51996.9,52033.9,11-11-2024 13:00
52037.15,52044.15,52016.35,52023.8,11-11-2024 13:05
52022.2,52073.5,52016.85,52044.1,11-11-2024 13:10
52046.7,52078.6,51895.8,51952.65,11-11-2024 13:15
51949.9,52030.45,51930.95,51982.45,11-11-2024 13:20
51983.2,52006.35,51939.8,51958.5,11-11-2024 13:25
51958,52003.55,51946.4,51972.85,11-11-2024 13:30
51977.25,51977.25,51933.2,51939.95,11-11-2024 13:35
51934.7,51940.15,51854,51863.5,11-11-2024 13:40
51865,51904.05,51858.5,51877.05,11-11-2024 13:45
51877.05,51884.8,51837.1,51854.4,11-11-2024 13:50
51855.6,51918.9,51850.25,51911.7,11-11-2024 13:55
51910.55,51912.3,51874.65,51880.55,11-11-2024 14:00
51880.15,51903.25,51853.45,51873.75,11-11-2024 14:05
51874.05,51885.8,51831.7,51832.95,11-11-2024 14:10
51830.6,51841.2,51780.15,51798.2,11-11-2024 14:15
51795.8,51848.45,51785.45,51828.8,11-11-2024 14:20
51830.2,51857.05,51812.35,51848.9,11-11-2024 14:25
51846.4,51890.9,51812.5,51888.6,11-11-2024 14:30
51889.75,51939.7,51879.1,51918.95,11-11-2024 14:35
51922.9,51930.55,51891.4,51913.6,11-11-2024 14:40
51913.05,51916.45,51880.75,51885.8,11-11-2024 14:45
51886.3,51924.9,51881.85,51906.2,11-11-2024 14:50
51906.8,51911.9,51850,51861.8,11-11-2024 14:55
51878.5,51879.3,51767.75,51860.25,11-11-2024 15:00
51862.75,51945.35,51854.25,51934.35,11-11-2024 15:05
51934.45,51965.1,51910.65,51940.8,11-11-2024 15:10
51945.75,51958.55,51863.4,51886.95,11-11-2024 15:15
51889.5,51894.65,51845.45,51858.85,11-11-2024 15:20
51862.45,51870.1,51799.25,51812.35,11-11-2024 15:25
52053.75,52097.55,51954.05,52038.8,12-11-2024 09:15
52036.15,52082.65,51931.3,51950.3,12-11-2024 09:20
51952.15,51989.55,51886.9,51898.6,12-11-2024 09:25
51898.7,51969,51846.3,51945.7,12-11-2024 09:30
51949.35,51952.95,51782.6,51801.6,12-11-2024 09:35
51801.45,51845.15,51796.7,51842.8,12-11-2024 09:40
51843.8,51871.25,51798.25,51842.4,12-11-2024 09:45
51843.65,51906.45,51823.8,51845.45,12-11-2024 09:50
51845.2,52169.05,51841.05,52129.55,12-11-2024 09:55
52135.75,52146.55,51856.8,51932.85,12-11-2024 10:00
51928.05,51980.2,51894.85,51980.2,12-11-2024 10:05
51978.95,52022.45,51937.1,51964.25,12-11-2024 10:10
51966.6,52008.05,51941.05,51945.55,12-11-2024 10:15
51945.9,51962.65,51917.7,51925.6,12-11-2024 10:20
51928,52004.05,51921.3,51936.45,12-11-2024 10:25
51937.25,51946.6,51746.65,51772.65,12-11-2024 10:30
51770.25,51777.75,51685.25,51723.6,12-11-2024 10:35
51720.45,51741.9,51672.05,51704.25,12-11-2024 10:40
51702.9,51702.9,51586.35,51681.7,12-11-2024 10:45
51687.75,51756,51658.4,51710.3,12-11-2024 10:50
51708.6,51728.45,51680.75,51680.75,12-11-2024 10:55
51683.15,51739.75,51682.25,51696.95,12-11-2024 11:00
51692.25,51779.6,51674.65,51772.45,12-11-2024 11:05
51783.9,51797.35,51729.05,51777.95,12-11-2024 11:10
51773.2,51864.5,51741.8,51782.3,12-11-2024 11:15
51784.2,51860.25,51772.95,51844.6,12-11-2024 11:20
51845.05,51856.35,51825.55,51832.55,12-11-2024 11:25
51832.15,51858.4,51815.5,51848.95,12-11-2024 11:30
51848.9,51855.25,51815.35,51824.55,12-11-2024 11:35
51824.7,51855.4,51797.75,51818.65,12-11-2024 11:40
51817.7,51873.6,51802.75,51850.45,12-11-2024 11:45
51851.45,51874.7,51800.35,51853.55,12-11-2024 11:50
51853.75,51871,51772.25,51800.15,12-11-2024 11:55
51800.15,51825.45,51787.8,51800,12-11-2024 12:00
51801.65,51824.05,51779.95,51781.95,12-11-2024 12:05
51783.65,51790.75,51686.7,51725.35,12-11-2024 12:10
51724.45,51765.1,51700.8,51751.1,12-11-2024 12:15
51748.8,51756.95,51712.9,51728.15,12-11-2024 12:20
51735.25,51735.25,51652.2,51711.35,12-11-2024 12:25
51713.5,51747,51667.1,51697.2,12-11-2024 12:30
51698.8,51704.3,51639.1,51644,12-11-2024 12:35
51645.1,51651.55,51421.25,51477.9,12-11-2024 12:40
51469.95,51487.05,51234.75,51254.45,12-11-2024 12:45
51252.45,51356.1,51243.8,51321.7,12-11-2024 12:50
51324.8,51353.5,51235.65,51300.75,12-11-2024 12:55
51300.7,51424.45,51290.3,51381.65,12-11-2024 13:00
51381.15,51397.25,51325.9,51358.9,12-11-2024 13:05
51358.45,51365.9,51280.1,51292.2,12-11-2024 13:10
51292.15,51298.05,51123.95,51173.85,12-11-2024 13:15
51175.05,51281.6,51169.15,51252.25,12-11-2024 13:20
51252.95,51275.7,51206.75,51254.15,12-11-2024 13:25
51254.5,51289.65,51206.7,51209.25,12-11-2024 13:30
51209.8,51215.45,51141.25,51150.9,12-11-2024 13:35
51151.05,51196.45,51144.6,51179.5,12-11-2024 13:40
51178.3,51364.25,51162.05,51225.85,12-11-2024 13:45
51226.2,51267.55,51188.2,51259.05,12-11-2024 13:50
51260,51299.95,51217.6,51218.7,12-11-2024 13:55
51219.85,51235.85,51192.9,51218.05,12-11-2024 14:00
51218.2,51302.5,51210.5,51222.15,12-11-2024 14:05
51224.45,51296.8,51210.55,51230.55,12-11-2024 14:10
51226.45,51239.6,51190.15,51230.15,12-11-2024 14:15
51228.15,51276.6,51204.25,51228.6,12-11-2024 14:20
51232.05,51246.55,51006.85,51063.05,12-11-2024 14:25
51062.4,51337.15,51047.4,51266.1,12-11-2024 14:30
51263.7,51314.05,51145.9,51163.6,12-11-2024 14:35
51161.75,51198.9,51124.05,51163,12-11-2024 14:40
51160.05,51247.25,51155.35,51245.15,12-11-2024 14:45
51246.5,51280.2,51225.9,51245.85,12-11-2024 14:50
51242.2,51279.2,51214.55,51214.55,12-11-2024 14:55
51206.05,51248.8,51177.7,51217.55,12-11-2024 15:00
51218.9,51247.65,51082.15,51119.2,12-11-2024 15:05
51121.1,51130.15,51095.6,51100.75,12-11-2024 15:10
51103.25,51182.9,51100.9,51173.05,12-11-2024 15:15
51174.05,51199.2,51154.95,51183.35,12-11-2024 15:20
51181.8,51205,51116.95,51120.6,12-11-2024 15:25
51030.95,51256.45,50971.3,51192.45,13-11-2024 09:15
51202.25,51247,51162.75,51187.35,13-11-2024 09:20
51186.25,51290.6,51181.3,51190.95,13-11-2024 09:25
51209.35,51353.5,51168.05,51173.7,13-11-2024 09:30
51178.45,51233.35,51139.2,51161.7,13-11-2024 09:35
51162.55,51247.75,51155.3,51185.45,13-11-2024 09:40
51191.45,51226.1,51018.55,51053.1,13-11-2024 09:45
51049,51244.15,51035.4,51168.3,13-11-2024 09:50
51171.6,51216,51137.25,51212.75,13-11-2024 09:55
51208.75,51215.25,50967.6,50967.6,13-11-2024 10:00
50980.9,51021.55,50866.2,50950,13-11-2024 10:05
50948.9,50970.3,50880.4,50895.6,13-11-2024 10:10
50895.5,50974.5,50868.5,50958.3,13-11-2024 10:15
50955.2,50959.95,50840.1,50897.55,13-11-2024 10:20
50898.15,50981.8,50898.1,50958.8,13-11-2024 10:25
50959.4,50989.15,50916.7,50960.65,13-11-2024 10:30
50957.75,51047.9,50883.5,50884.3,13-11-2024 10:35
50880.25,50884.45,50748.05,50760.75,13-11-2024 10:40
50762.7,50880.75,50748.5,50850.9,13-11-2024 10:45
50852.5,51020.85,50846.4,50911.7,13-11-2024 10:50
50912.25,50914.6,50782.3,50794,13-11-2024 10:55
50788.9,50833.35,50729.75,50801.9,13-11-2024 11:00
50800,50808,50752.3,50768.05,13-11-2024 11:05
50766.95,50787.7,50700.65,50707,13-11-2024 11:10
50705.05,50746.4,50620.65,50620.65,13-11-2024 11:15
50629,50704.4,50628.3,50685.8,13-11-2024 11:20
50692.55,50714.35,50669.3,50700.75,13-11-2024 11:25
50705,50738.7,50659.95,50710.2,13-11-2024 11:30
50705.15,50742.05,50696.55,50719.45,13-11-2024 11:35
50719.85,50737.7,50644.55,50651.6,13-11-2024 11:40
50653.9,50721.95,50649,50718.5,13-11-2024 11:45
50718,50734.15,50677.35,50677.9,13-11-2024 11:50
50676.85,50724.4,50676.85,50689.85,13-11-2024 11:55
50692.75,50737.75,50670.95,50681.75,13-11-2024 12:00
50685.65,50698.9,50645.55,50669.85,13-11-2024 12:05
50669.9,50671.4,50624.3,50665.85,13-11-2024 12:10
50665.95,50702.1,50648.15,50694.45,13-11-2024 12:15
50694.85,50770.4,50674.2,50742.3,13-11-2024 12:20
50740,50752.85,50705.7,50709.65,13-11-2024 12:25
50707.1,50731.25,50683.05,50718.6,13-11-2024 12:30
50718.75,50718.75,50684.25,50700.95,13-11-2024 12:35
50702.05,50705,50655.5,50659.65,13-11-2024 12:40
50658.5,50693.5,50629.55,50671.3,13-11-2024 12:45
50668.15,50695.55,50646.6,50656.2,13-11-2024 12:50
50655,50694.85,50643.25,50694.85,13-11-2024 12:55
50688.8,50716.75,50656.6,50690.3,13-11-2024 13:00
50689.05,50699.15,50653.8,50662.2,13-11-2024 13:05
50656.4,50711,50643.25,50680.35,13-11-2024 13:10
50688.15,50693.35,50655.55,50684.6,13-11-2024 13:15
50683.15,50703.4,50670.3,50682.05,13-11-2024 13:20
50682.5,50700.2,50666,50674.5,13-11-2024 13:25
50673.45,50711.7,50665.1,50669.25,13-11-2024 13:30
50669.55,50787.7,50662.4,50703.25,13-11-2024 13:35
50702.85,50785.1,50697.8,50783.15,13-11-2024 13:40
50785.15,50853.6,50770.95,50798.65,13-11-2024 13:45
50795.45,50836.6,50723.05,50781.8,13-11-2024 13:50
50780.1,50824.15,50757.55,50772.55,13-11-2024 13:55
50771.25,50792.8,50676.1,50698.25,13-11-2024 14:00
50696.9,50716.8,50655.65,50684.1,13-11-2024 14:05
50691.85,50719.5,50540.2,50587.3,13-11-2024 14:10
50590.25,50593.6,50495.5,50533.45,13-11-2024 14:15
50532.05,50539.25,50429.9,50431.75,13-11-2024 14:20
50433.8,50447.9,50326.5,50340.7,13-11-2024 14:25
50333.95,50366.5,50220.75,50252.25,13-11-2024 14:30
50257.6,50266,50189.8,50262.55,13-11-2024 14:35
50260.2,50264,50083.85,50115.35,13-11-2024 14:40
50117.3,50117.75,50003.7,50063,13-11-2024 14:45
50064.7,50192.35,50006.4,50148.5,13-11-2024 14:50
50151.3,50179.7,50044.45,50054.75,13-11-2024 14:55
50050.2,50064.55,49906.45,49924.9,13-11-2024 15:00
49923.55,50013.05,49904.4,50003,13-11-2024 15:05
50009.55,50089.1,50002.45,50072.15,13-11-2024 15:10
50070.55,50251.5,50070.55,50248.3,13-11-2024 15:15
50249.95,50268,50219.25,50266.15,13-11-2024 15:20
50268.6,50340.15,50263.7,50290.5,13-11-2024 15:25
50053.45,50416.3,50049.25,50292.55,14-11-2024 09:15
50297.9,50358.2,50190.85,50341.1,14-11-2024 09:20
50342.6,50386.3,50259.2,50293.45,14-11-2024 09:25
50292.8,50438.45,50292.8,50395.1,14-11-2024 09:30
50398,50425.05,50365.95,50394.75,14-11-2024 09:35
50395.35,50407.6,50179.75,50330.35,14-11-2024 09:40
50334.75,50417,50324.5,50410.25,14-11-2024 09:45
50406,50410.5,50324.7,50359.75,14-11-2024 09:50
50362.85,50410.8,50356.6,50373.85,14-11-2024 09:55
50372.9,50561.8,50370.75,50498.4,14-11-2024 10:00
50497.4,50548.9,50457.9,50476.2,14-11-2024 10:05
50471.9,50495.75,50404.75,50471.5,14-11-2024 10:10
50465.25,50490.9,50442.45,50446.9,14-11-2024 10:15
50450.45,50544.5,50446.45,50513.8,14-11-2024 10:20
50513.6,50536.75,50472.15,50480.25,14-11-2024 10:25
50480.35,50523.6,50434.3,50438.3,14-11-2024 10:30
50434.7,50439.7,50297.75,50312.9,14-11-2024 10:35
50311.95,50328.45,50258.25,50302.15,14-11-2024 10:40
50303.4,50319.15,50159.65,50220.7,14-11-2024 10:45
50220.35,50228.65,50131,50141.7,14-11-2024 10:50
50145.55,50185.05,50125.75,50138.4,14-11-2024 10:55
50137.3,50163.65,50002.4,50026.2,14-11-2024 11:00
50025.05,50055.6,49970.3,50042.55,14-11-2024 11:05
50044.2,50045.5,49939.35,49971.3,14-11-2024 11:10
49972.4,50069.5,49966.3,50050.25,14-11-2024 11:15
50048.7,50086.95,50011.55,50057.95,14-11-2024 11:20
50057.6,50101.55,50019.6,50082.45,14-11-2024 11:25
50083.8,50131.8,50043.4,50131.8,14-11-2024 11:30
50140.3,50148.05,50082.45,50113.3,14-11-2024 11:35
50113.5,50194.35,50110.4,50152.9,14-11-2024 11:40
50152.05,50178.3,50060.9,50115.6,14-11-2024 11:45
50114.5,50135.2,50085.7,50101.7,14-11-2024 11:50
50101.55,50199.05,50095.9,50195.1,14-11-2024 11:55
50193.3,50257.75,50187.95,50251.05,14-11-2024 12:00
50249.1,50257.15,50208.45,50243.8,14-11-2024 12:05
50246.4,50364.95,50243.4,50353.75,14-11-2024 12:10
50354.8,50357.15,50249.95,50276.05,14-11-2024 12:15
50277.4,50300.3,50208.5,50271.8,14-11-2024 12:20
50270.35,50283.35,50224.85,50255.85,14-11-2024 12:25
50254.7,50257.4,50193.05,50212.75,14-11-2024 12:30
50208.8,50215.8,50165.2,50210.6,14-11-2024 12:35
50207.1,50250.45,50202.5,50235.3,14-11-2024 12:40
50229.5,50297.8,50206.25,50296.25,14-11-2024 12:45
50293.05,50357.7,50259.15,50338,14-11-2024 12:50
50337.4,50346.05,50249.4,50275.8,14-11-2024 12:55
50271.05,50311.65,50214,50240.5,14-11-2024 13:00
50240.5,50298.65,50233.85,50295.8,14-11-2024 13:05
50295.4,50313,50275.85,50306,14-11-2024 13:10
50305.75,50345.2,50300.75,50327.7,14-11-2024 13:15
50326.5,50328.8,50265.1,50296.75,14-11-2024 13:20
50296.9,50338.4,50283.05,50291.45,14-11-2024 13:25
50239.55,50256.45,50209.6,50209.6,14-11-2024 13:35
50207.9,50209.65,50148,50173.05,14-11-2024 13:40
50168.8,50215.3,50145.45,50210.3,14-11-2024 13:45
50209.95,50248.35,50162.75,50183.45,14-11-2024 13:50
50183.2,50238.75,50164.75,50219.85,14-11-2024 13:55
50217.25,50272.95,50199.95,50264.7,14-11-2024 14:00
50264.95,50265.75,50181.75,50229.4,14-11-2024 14:05
50227.1,50229.95,50178.25,50212.55,14-11-2024 14:10
50214.55,50219.9,50145.35,50158.25,14-11-2024 14:15
50158.9,50170.5,50121.5,50163.25,14-11-2024 14:20
50161.2,50184.05,50125.85,50164.4,14-11-2024 14:25
50163.7,50189.65,50156.6,50179.9,14-11-2024 14:30
50179.9,50180.05,50109.75,50137.6,14-11-2024 14:35
50138.65,50159.55,50106.45,50132.6,14-11-2024 14:40
50129.4,50154.8,50110.7,50131.85,14-11-2024 14:45
50131.35,50177,50118.25,50169.4,14-11-2024 14:50
50170.05,50185.15,50144.55,50172.75,14-11-2024 14:55
50174.2,50183.05,50118.7,50132.95,14-11-2024 15:00
50130.1,50245.75,50078.35,50200.2,14-11-2024 15:05
50200.55,50201.5,50133.4,50187.95,14-11-2024 15:10
50185.5,50210.15,50172.25,50187.85,14-11-2024 15:15
50179.55,50213.45,50178.8,50208.05,14-11-2024 15:20
50209.55,50244.5,50187.35,50239.2,14-11-2024 15:25
50312.45,50344.1,50169.35,50258.45,18-11-2024 09:15
50275.35,50275.35,50183.65,50218.2,18-11-2024 09:20
50217.15,50243.4,50150.65,50220.9,18-11-2024 09:25
50223.5,50321.15,50164.8,50194.95,18-11-2024 09:30
50197.3,50230.65,50110.15,50115.95,18-11-2024 09:35
50115.2,50169.75,50074,50128,18-11-2024 09:40
50127.85,50262.2,50125.3,50240.4,18-11-2024 09:45
50240.2,50282.35,50203.65,50258.2,18-11-2024 09:50
50249.75,50302.2,50234.8,50258.6,18-11-2024 09:55
50259.05,50346.9,50254.85,50327.65,18-11-2024 10:00
50327.45,50367.3,50299.7,50340.9,18-11-2024 10:05
50340.45,50344.45,50256.9,50256.9,18-11-2024 10:10
50250.85,50292.4,50228.85,50244.2,18-11-2024 10:15
50239.45,50320.5,50226.45,50303.25,18-11-2024 10:20
50303.25,50311.35,50242.7,50244.4,18-11-2024 10:25
50245.15,50263.8,50213.55,50224.4,18-11-2024 10:30
50226.5,50251.9,50214.1,50223.35,18-11-2024 10:35
50226.25,50257.3,50211.15,50217.35,18-11-2024 10:40
50216.7,50237,50176.95,50192.55,18-11-2024 10:45
50195.4,50254.05,50195.35,50236.45,18-11-2024 10:50
50237.4,50294.3,50234.95,50292.55,18-11-2024 10:55
50291.85,50296.05,50244.5,50263.6,18-11-2024 11:00
50264.75,50271.9,50228.65,50233.05,18-11-2024 11:05
50234.75,50260.55,50228.35,50232.4,18-11-2024 11:10
50232.75,50289.55,50225.7,50271,18-11-2024 11:15
50272.25,50289.65,50250.55,50250.6,18-11-2024 11:20
50251.1,50328.4,50251.1,50322.15,18-11-2024 11:25
50322.85,50324.2,50284.35,50297.95,18-11-2024 11:30
50299.65,50307.55,50283.5,50298.45,18-11-2024 11:35
50299.45,50345.25,50289,50340.6,18-11-2024 11:40
50341.3,50355.55,50307.35,50316.6,18-11-2024 11:45
50315.65,50335.55,50307.25,50324.9,18-11-2024 11:50
50327.9,50355.45,50308.85,50353.45,18-11-2024 11:55
50354.35,50378.4,50342.9,50368.3,18-11-2024 12:00
50369.1,50400,50361.25,50388.1,18-11-2024 12:05
50388.85,50408.1,50375.5,50387,18-11-2024 12:10
50387.4,50402.65,50372.3,50397.45,18-11-2024 12:15
50393.9,50399.6,50364.55,50384.55,18-11-2024 12:20
50384.3,50443.8,50383.3,50434.3,18-11-2024 12:25
50430.6,50445.8,50393.9,50416.95,18-11-2024 12:30
50419.5,50431.45,50366,50376.65,18-11-2024 12:35
50377.9,50403.65,50370.95,50379.8,18-11-2024 12:40
50379.65,50417.35,50363.1,50409.9,18-11-2024 12:45
50404,50412.2,50332.5,50350.15,18-11-2024 12:50
50346.05,50353.25,50324.75,50338.15,18-11-2024 12:55
50338.6,50392,50332.85,50369.25,18-11-2024 13:00
50369.85,50410.35,50362.55,50400.8,18-11-2024 13:05
50405.15,50405.15,50362.55,50399.7,18-11-2024 13:10
50399.5,50404.85,50343.35,50352.6,18-11-2024 13:15
50357.9,50379,50346.15,50367.8,18-11-2024 13:20
50368.5,50372.3,50329.85,50342.9,18-11-2024 13:25
50344.95,50357.15,50320.35,50349.3,18-11-2024 13:30
50347.8,50388.8,50325.95,50378.8,18-11-2024 13:35
50377.35,50380.3,50333.05,50337.85,18-11-2024 13:40
50337.85,50356.85,50329.75,50347.75,18-11-2024 13:45
50347.3,50388.3,50339.95,50373.5,18-11-2024 13:50
50373.25,50399.9,50359.8,50392.6,18-11-2024 13:55
50386.3,50406.65,50360.35,50378.7,18-11-2024 14:00
50379.3,50398.65,50359.2,50396.1,18-11-2024 14:05
50393.95,50397.5,50365.3,50372.95,18-11-2024 14:10
50372.4,50382.05,50344.75,50374.15,18-11-2024 14:15
50376.25,50380.9,50346.4,50351.95,18-11-2024 14:20
50353,50383.5,50329,50338.65,18-11-2024 14:25
50334.8,50343.55,50299.2,50316.2,18-11-2024 14:30
50316.85,50341.95,50296.25,50341.6,18-11-2024 14:35
50344.2,50344.2,50309,50338.65,18-11-2024 14:40
50345.2,50347.25,50315.9,50339.7,18-11-2024 14:45
50338.5,50378.1,50311.6,50358.6,18-11-2024 14:50
50361.3,50393.3,50341.4,50345.4,18-11-2024 14:55
50336.8,50380.6,50336.8,50360.2,18-11-2024 15:00
50358.65,50382.45,50337.85,50342.65,18-11-2024 15:05
50343.9,50398.65,50321.5,50390.35,18-11-2024 15:10
50389.85,50434.25,50387.35,50391.55,18-11-2024 15:15
50391.35,50391.35,50311.05,50327.05,18-11-2024 15:20
50329.55,50365.3,50327.8,50361.85,18-11-2024 15:25
50580.55,50616.15,50449.45,50533.15,19-11-2024 09:15
50541.65,50550.95,50468.4,50510.85,19-11-2024 09:20
50507.85,50557.8,50475.2,50529.7,19-11-2024 09:25
50531.15,50610.25,50511.35,50602.5,19-11-2024 09:30
50598.65,50739.15,50581.7,50713.45,19-11-2024 09:35
50712.7,50806.7,50712.7,50797.3,19-11-2024 09:40
50796.9,50839.15,50735.15,50746.95,19-11-2024 09:45
50754.4,50757.9,50658.65,50741.15,19-11-2024 09:50
50739.3,50765.5,50703.8,50728.1,19-11-2024 09:55
50729.65,50777.65,50713.7,50724.6,19-11-2024 10:00
50724.75,50780.35,50705.95,50756.05,19-11-2024 10:05
50755.4,50800.2,50754.05,50780.05,19-11-2024 10:10
50778.55,50800.15,50754.95,50768.95,19-11-2024 10:15
50766,50825.6,50764.45,50806.9,19-11-2024 10:20
50810,50898.55,50810,50889.95,19-11-2024 10:25
50890.3,50914.95,50812.25,50816.95,19-11-2024 10:30
50822.65,50851.8,50815.6,50846.15,19-11-2024 10:35
50845.8,50862.6,50806.95,50821.5,19-11-2024 10:40
50822.05,50837.2,50773.7,50791.2,19-11-2024 10:45
50792.75,50826.9,50778.25,50825.2,19-11-2024 10:50
50826.85,50868.6,50819.8,50867.6,19-11-2024 10:55
50865,50882.25,50848.35,50871.3,19-11-2024 11:00
50870.45,50914.6,50869.15,50913.2,19-11-2024 11:05
50913.15,50926.4,50884.9,50920.35,19-11-2024 11:10
50918.2,50927.85,50886,50892.7,19-11-2024 11:15
50891.3,50911.3,50868.85,50901.55,19-11-2024 11:20
50902.3,50945.9,50900.1,50922.2,19-11-2024 11:25
50927.05,50963.1,50915.55,50943.2,19-11-2024 11:30
50943.55,50949.4,50911.55,50935.5,19-11-2024 11:35
50934.1,50941.35,50892.45,50915.4,19-11-2024 11:40
50916.15,50945.45,50910.6,50936.6,19-11-2024 11:45
50938.15,50942.25,50912.75,50917.55,19-11-2024 11:50
50920.85,50920.85,50882.7,50886.25,19-11-2024 11:55
50885.45,50895.65,50871.75,50884.7,19-11-2024 12:00
50880.2,50887.85,50837.15,50855,19-11-2024 12:05
50853.95,50887.2,50844.15,50883.3,19-11-2024 12:10
50881.55,50913,50876.7,50889.15,19-11-2024 12:15
50890.6,50898.9,50876.55,50884.4,19-11-2024 12:20
50885.15,50895.8,50873.9,50880.8,19-11-2024 12:25
50880.8,50895.1,50875,50889.9,19-11-2024 12:30
50888.2,50897.1,50878.25,50893.6,19-11-2024 12:35
50894.8,50900.5,50866.5,50876.65,19-11-2024 12:40
50875.35,50915.3,50861.6,50915.3,19-11-2024 12:45
50915.85,50924.45,50898.85,50910.6,19-11-2024 12:50
50909.1,50932.2,50902.9,50917.15,19-11-2024 12:55
50919.3,50922.7,50899.6,50906.45,19-11-2024 13:00
50902.45,50930.8,50896,50922.7,19-11-2024 13:05
50920.95,50957.4,50917.35,50947.65,19-11-2024 13:10
50943.85,50968.5,50938.5,50966.5,19-11-2024 13:15
50964.25,50983.5,50940.2,50952.6,19-11-2024 13:20
50950.85,50950.85,50925.35,50928.15,19-11-2024 13:25
50929.1,50954.2,50921.9,50946.8,19-11-2024 13:30
50943.25,50955.35,50920.25,50937.8,19-11-2024 13:35
50934.3,50943,50919.75,50929.7,19-11-2024 13:40
50930.55,50946.5,50924.45,50939.45,19-11-2024 13:45
50939.05,50950.45,50922.7,50933.7,19-11-2024 13:50
50935.7,50949.85,50914.95,50925.1,19-11-2024 13:55
50924.75,50928.5,50887.05,50890.2,19-11-2024 14:00
50891.95,50900.3,50825.2,50835.05,19-11-2024 14:05
50830.35,50854.35,50805.9,50835.5,19-11-2024 14:10
50835.85,50873.95,50830.95,50870.9,19-11-2024 14:15
50870.05,50876.45,50834,50847.15,19-11-2024 14:20
50842.3,50853.45,50817.5,50842.25,19-11-2024 14:25
50838.65,50866.8,50818.15,50828.85,19-11-2024 14:30
50831.25,50844.2,50810.2,50835.3,19-11-2024 14:35
50835.55,50842.1,50772.95,50800.4,19-11-2024 14:40
50800.15,50811.1,50769.45,50777.9,19-11-2024 14:45
50777.45,50780.4,50691.75,50695.9,19-11-2024 14:50
50692.95,50701.75,50609.6,50615.85,19-11-2024 14:55
50613.15,50673.3,50592.15,50663.85,19-11-2024 15:00
50664.8,50732.55,50653.55,50671.85,19-11-2024 15:05
50673.4,50673.4,50590.2,50611.25,19-11-2024 15:10
50608.65,50661,50583.95,50638.9,19-11-2024 15:15
50637.5,50638.4,50578.95,50580.35,19-11-2024 15:20
50575.15,50578.75,50440.85,50466,19-11-2024 15:25
50625,50652.15,50140.75,50190,21-11-2024 09:15
50200.15,50307,50178.45,50194.8,21-11-2024 09:20
50193.35,50245,50162.3,50186.95,21-11-2024 09:25
50190.65,50207,49950.45,49953.1,21-11-2024 09:30
49957.1,49970.05,49821.95,49821.95,21-11-2024 09:35
49822.25,49936.45,49787.1,49887.15,21-11-2024 09:40
49886,49974.6,49869.6,49907.6,21-11-2024 09:45
49910.75,49988.4,49896.95,49960.4,21-11-2024 09:50
49956.25,50014.85,49947.85,49957,21-11-2024 09:55
49955.9,50020.85,49890,50014.85,21-11-2024 10:00
50015.15,50151.9,50005.75,50087.8,21-11-2024 10:05
50088.2,50152.25,50023.25,50026.05,21-11-2024 10:10
50024.9,50083.5,49996.9,50082.05,21-11-2024 10:15
50083.5,50167.65,50049.5,50148,21-11-2024 10:20
50146.8,50180.9,50112,50127.8,21-11-2024 10:25
50127.2,50167.45,50093.7,50129,21-11-2024 10:30
50128.65,50134.15,50019.2,50025.3,21-11-2024 10:35
50026.15,50071.1,50011.5,50044.7,21-11-2024 10:40
50044.25,50064.55,49981.7,50005.6,21-11-2024 10:45
50003.85,50125.65,49989.2,50119.6,21-11-2024 10:50
50119.3,50133.35,50081,50130.65,21-11-2024 10:55
50129.15,50206.6,50113.8,50194.05,21-11-2024 11:00
50193.45,50218.65,50144.75,50156.25,21-11-2024 11:05
50154.2,50186.8,50138.75,50158.95,21-11-2024 11:10
50161.9,50193.7,50145.75,50186.4,21-11-2024 11:15
50184.3,50251.95,50181.75,50181.75,21-11-2024 11:20
50178.7,50220.3,50166.65,50214.2,21-11-2024 11:25
50212.55,50287.95,50212.15,50283,21-11-2024 11:30
50279.7,50297.8,50271.05,50283.5,21-11-2024 11:35
50282.95,50350.05,50282.55,50337.7,21-11-2024 11:40
50337.6,50362.45,50299.15,50301.85,21-11-2024 11:45
50302.3,50374.2,50285.8,50366.1,21-11-2024 11:50
50366.8,50428.65,50364.35,50412.05,21-11-2024 11:55
50411.45,50544.55,50410.45,50535.25,21-11-2024 12:00
50535.25,50549.85,50433.35,50440.5,21-11-2024 12:05
50437.7,50461.7,50430,50459.45,21-11-2024 12:10
50460.5,50492.45,50433,50487.2,21-11-2024 12:15
50482.7,50531.7,50466.6,50467.2,21-11-2024 12:20
50467.35,50486.05,50432.55,50441.25,21-11-2024 12:25
50435.95,50440.9,50365.15,50389,21-11-2024 12:30
50388.95,50470.5,50386.65,50462.35,21-11-2024 12:35
50465.25,50488.5,50446.75,50460.8,21-11-2024 12:40
50463,50474.4,50399.5,50430.25,21-11-2024 12:45
50434.6,50434.6,50352.4,50359.35,21-11-2024 12:50
50358.5,50361.15,50200.8,50202.1,21-11-2024 12:55
50203.15,50275.9,50162.65,50272.05,21-11-2024 13:00
50271.7,50318.45,50253.2,50286.7,21-11-2024 13:05
50282.5,50337.5,50253.3,50330.8,21-11-2024 13:10
50326.3,50378.85,50297.2,50362.3,21-11-2024 13:15
50363.8,50458.35,50363.8,50439.9,21-11-2024 13:20
50441.1,50476.6,50411.3,50462.15,21-11-2024 13:25
50463.95,50475.5,50432.1,50462,21-11-2024 13:30
50464.65,50479.25,50404.3,50409.65,21-11-2024 13:35
50409.8,50442.8,50396.25,50426.1,21-11-2024 13:40
50425.8,50433.7,50389,50411.3,21-11-2024 13:45
50409.8,50460.9,50403.65,50451.65,21-11-2024 13:50
50452.65,50464.4,50431.1,50446.9,21-11-2024 13:55
50445.15,50455.6,50401.1,50415,21-11-2024 14:00
50415.6,50431.55,50364.9,50415.45,21-11-2024 14:05
50414.75,50431.25,50394.25,50404,21-11-2024 14:10
50402.55,50419.55,50383.5,50410.05,21-11-2024 14:15
50408.85,50456.45,50396.4,50448.25,21-11-2024 14:20
50445.5,50470.55,50422.05,50437.4,21-11-2024 14:25
50437.25,50441.65,50347.9,50363.85,21-11-2024 14:30
50363.4,50369.2,50310.7,50324.7,21-11-2024 14:35
50327,50357.3,50287.9,50345.3,21-11-2024 14:40
50345.8,50349.9,50302.65,50322.25,21-11-2024 14:45
50324.4,50328.55,50290.65,50309.9,21-11-2024 14:50
50308.7,50314.75,50251.4,50280.45,21-11-2024 14:55
50283.6,50355.15,50249.55,50299.95,21-11-2024 15:00
50297.5,50387.15,50273.75,50364.05,21-11-2024 15:05
50366.55,50387.55,50339.65,50373.4,21-11-2024 15:10
50376.5,50448.7,50364.45,50410.95,21-11-2024 15:15
50409.65,50476.3,50409.1,50439.1,21-11-2024 15:20
50435.75,50470.05,50400.2,50448,21-11-2024 15:25
50512.8,50742.45,50508.25,50724.3,22-11-2024 09:15
50729.25,50869.9,50685.3,50865.6,22-11-2024 09:20
50863.3,50917.65,50814.3,50872.9,22-11-2024 09:25
50870.75,50964.1,50857.95,50862.35,22-11-2024 09:30
50866,50922.25,50729.6,50758.55,22-11-2024 09:35
50758.6,50885.9,50721.25,50817.35,22-11-2024 09:40
50816.4,50842.2,50729.1,50757.15,22-11-2024 09:45
50760.85,50763.9,50656.4,50715.15,22-11-2024 09:50
50718.5,50828.15,50707.1,50826.65,22-11-2024 09:55
50827.15,50909.8,50788.5,50893.5,22-11-2024 10:00
50901.8,50982.4,50891.75,50940.35,22-11-2024 10:05
50942.2,50954.8,50903.05,50913.7,22-11-2024 10:10
50913,50937.6,50882.65,50894.5,22-11-2024 10:15
50895.9,50900.3,50788.45,50804.9,22-11-2024 10:20
50805.1,50834.65,50757.6,50834,22-11-2024 10:25
50832.35,50862.7,50771,50780.6,22-11-2024 10:30
50782.25,50801.9,50751.6,50796.85,22-11-2024 10:35
50799.4,50812.3,50698.5,50742.2,22-11-2024 10:40
50742.8,50765.15,50608.7,50656.55,22-11-2024 10:45
50657.15,50748.55,50621.95,50743.45,22-11-2024 10:50
50744.85,50797.05,50722.25,50795.3,22-11-2024 10:55
50791.4,50825.65,50762.5,50785.7,22-11-2024 11:00
50787.45,50799.2,50727.85,50737.75,22-11-2024 11:05
50728.8,50753.7,50690.4,50739.6,22-11-2024 11:10
50733.65,50754.65,50689.65,50722.95,22-11-2024 11:15
50722.95,50734.35,50666.9,50684.2,22-11-2024 11:20
50683.9,50739.8,50662.45,50728.8,22-11-2024 11:25
50729.25,50748.2,50702.25,50739.9,22-11-2024 11:30
50743.95,50856.8,50739.3,50840.25,22-11-2024 11:35
50843.05,50871.05,50802.5,50834.95,22-11-2024 11:40
50835.75,50867.25,50827.9,50845,22-11-2024 11:45
50845.9,50927.95,50827.2,50924.7,22-11-2024 11:50
50922.5,50936.2,50874.3,50906.2,22-11-2024 11:55
50929.05,51032.7,50913.55,50995.85,22-11-2024 12:05
51001.25,51009.3,50906.45,50951.8,22-11-2024 12:10
50951.3,50969.7,50916.55,50926.4,22-11-2024 12:15
50922.5,50970.35,50914.3,50935.4,22-11-2024 12:20
50940.15,50976.5,50938.15,50957.35,22-11-2024 12:25
50955.15,51014.85,50940.4,50981.35,22-11-2024 12:30
50981.95,51011.8,50942.55,50958.05,22-11-2024 12:35
50958.55,51026.25,50947.45,51002.85,22-11-2024 12:40
50997.35,51013.4,50961.1,50999.45,22-11-2024 12:45
50999.05,51014.65,50947.3,50969,22-11-2024 12:50
50968.95,50977.85,50932.55,50965.1,22-11-2024 12:55
50965.1,51049.15,50961.65,51021.05,22-11-2024 13:00
51020.5,51021.65,50959.85,50981.8,22-11-2024 13:05
50982.35,51030,50959.15,50987.85,22-11-2024 13:10
51000.3,51051,50975.7,51051,22-11-2024 13:15
51038.7,51045.8,50983.3,51032.35,22-11-2024 13:20
51025.75,51031.3,50957.4,50982.2,22-11-2024 13:25
50982.15,51009.05,50894.05,50937.7,22-11-2024 13:30
50937.45,50999.35,50933.05,50993.75,22-11-2024 13:35
50997.55,51008.35,50967.75,50998.4,22-11-2024 13:40
50998.6,51039,50992.05,51009.75,22-11-2024 13:45
51012.45,51072.95,51003.7,51038.9,22-11-2024 13:50
51041.25,51131.5,51030.6,51131.5,22-11-2024 13:55
51132.4,51233.3,51130,51229.1,22-11-2024 14:00
51228.55,51250.9,51182.95,51237.65,22-11-2024 14:05
51236.35,51240.55,51154,51162.45,22-11-2024 14:10
51166.45,51259.15,51134.9,51236.85,22-11-2024 14:15
51237.15,51271.5,51184.95,51222,22-11-2024 14:20
51223.65,51230.75,51127.1,51147.3,22-11-2024 14:25
51147.2,51165.35,51040.05,51157.55,22-11-2024 14:30
51155.2,51190.55,51113.9,51124.4,22-11-2024 14:35
51121.5,51121.5,51065.5,51103.4,22-11-2024 14:40
51105.1,51174.35,51056.3,51160.7,22-11-2024 14:45
51163.8,51252.5,51133.8,51241.55,22-11-2024 14:50
51238.7,51256.75,51167.7,51173.25,22-11-2024 14:55
51173.5,51190.95,51109.05,51147.4,22-11-2024 15:00
51148.8,51178.85,51131.25,51161.25,22-11-2024 15:05
51160.85,51174.1,51122.95,51141.1,22-11-2024 15:10
51141,51141.95,51043.55,51096.4,22-11-2024 15:15
51097.6,51151.7,51047.95,51137.5,22-11-2024 15:20
51140.85,51144.1,51070.25,51098.55,22-11-2024 15:25
52046.35,52176.6,51774.05,52166.1,25-11-2024 09:15
52166.25,52226.65,52064,52226.65,25-11-2024 09:20
52223.6,52232,52117,52159.8,25-11-2024 09:25
52163.9,52187.15,52092.25,52106.25,25-11-2024 09:30
52106.25,52210.75,52094.75,52192.05,25-11-2024 09:35
52188.9,52255.7,52163.45,52178.9,25-11-2024 09:40
52178.3,52182.8,52122.8,52142.35,25-11-2024 09:45
52143.3,52171.9,52089.25,52092.45,25-11-2024 09:50
52095.25,52155.6,52068.3,52144.35,25-11-2024 09:55
52140.2,52207.25,52137.2,52154.1,25-11-2024 10:00
52153.45,52166.9,52112.75,52115.75,25-11-2024 10:05
52116.4,52148.95,52108.25,52119.45,25-11-2024 10:10
52119.85,52205.75,52117,52178,25-11-2024 10:15
52175.6,52234.5,52175.6,52206.75,25-11-2024 10:20
52205.25,52222.6,52164.35,52194.6,25-11-2024 10:25
52195.05,52239,52189.35,52210.45,25-11-2024 10:30
52211.05,52226.45,52169.65,52184.95,25-11-2024 10:35
52184,52204.65,52174.35,52193.6,25-11-2024 10:40
52191.5,52213.45,52180.5,52202,25-11-2024 10:45
52203.95,52218.85,52193.6,52195.1,25-11-2024 10:50
52198.1,52201.4,52168.3,52186.6,25-11-2024 10:55
52187.1,52272.1,52186.55,52257.3,25-11-2024 11:00
52260.65,52286.8,52249.2,52252.95,25-11-2024 11:05
52253.35,52276.25,52226.25,52243.5,25-11-2024 11:10
52246.95,52264.65,52222.55,52264.2,25-11-2024 11:15
52267.8,52295.6,52261.7,52266,25-11-2024 11:20
52266,52268.15,52204.55,52231.65,25-11-2024 11:25
52234.9,52249.55,52216.6,52233.85,25-11-2024 11:30
52231,52231.2,52183.6,52200.55,25-11-2024 11:35
52204.25,52224.35,52195.7,52217.25,25-11-2024 11:40
52219.65,52225.45,52175.1,52197.8,25-11-2024 11:45
52197.3,52223.6,52172,52222.85,25-11-2024 11:50
52222.05,52236.25,52199.5,52201.5,25-11-2024 11:55
52202.5,52220.85,52183.45,52212.35,25-11-2024 12:00
52211.95,52241.85,52204.45,52224.35,25-11-2024 12:05
52224.7,52255.5,52221.45,52243.6,25-11-2024 12:10
52243.35,52249.85,52197.25,52201.7,25-11-2024 12:15
52203.15,52220.2,52190.7,52195.25,25-11-2024 12:20
52191.75,52213,52188.95,52192.7,25-11-2024 12:25
52193.75,52193.85,52174.5,52180.15,25-11-2024 12:30
52183.4,52199.45,52171.85,52193.4,25-11-2024 12:35
52192.55,52203,52160.8,52168,25-11-2024 12:40
52171.2,52171.7,52147.2,52153.05,25-11-2024 12:45
52152.35,52152.35,52092.25,52100,25-11-2024 12:50
52099.15,52102.5,52030.15,52030.15,25-11-2024 12:55
52028.55,52032.3,51967.5,51974.65,25-11-2024 13:00
51973.85,52002.6,51944.9,51955.45,25-11-2024 13:05
51959.2,52075.1,51949.95,52039.6,25-11-2024 13:10
52039.85,52088.05,52022.8,52025.35,25-11-2024 13:15
52024.85,52081.7,52014.8,52075.1,25-11-2024 13:20
52073.8,52116.85,52064.2,52083.9,25-11-2024 13:25
52084.55,52102.45,52054.95,52077.4,25-11-2024 13:30
52077.45,52077.9,52032.55,52040.1,25-11-2024 13:35
52043.8,52050.55,52014.95,52036.55,25-11-2024 13:40
52038.65,52066.9,52017.65,52046.8,25-11-2024 13:45
52048.5,52054.25,52023.95,52039.9,25-11-2024 13:50
52043.5,52043.5,51998.25,52011.35,25-11-2024 13:55
52009.5,52050.35,51986.4,52014.35,25-11-2024 14:00
52013.8,52058.35,52009.85,52041.3,25-11-2024 14:05
52042.1,52074.65,52029.4,52036.75,25-11-2024 14:10
52036.1,52054.85,52024.05,52044.15,25-11-2024 14:15
52044.1,52052.15,51998.25,52016.85,25-11-2024 14:20
52016.85,52052.05,52016.1,52040.9,25-11-2024 14:25
52042.4,52047.55,52007.9,52043.2,25-11-2024 14:30
52040.05,52096.7,52023.1,52072.65,25-11-2024 14:35
52072.75,52152.25,52072.75,52148.25,25-11-2024 14:40
52150.25,52167.45,52124.15,52136.1,25-11-2024 14:45
52135.45,52142,52094.85,52128.2,25-11-2024 14:50
52132.4,52134.2,52061.25,52113.05,25-11-2024 14:55
52109.4,52187.55,52106.8,52183.55,25-11-2024 15:00
52182.65,52232.1,52153,52231.45,25-11-2024 15:05
52230.1,52231,52175.75,52195.35,25-11-2024 15:10
52195.05,52216.65,52186.4,52207.95,25-11-2024 15:15
52207.95,52281.15,52204.2,52279.3,25-11-2024 15:20
52279.2,52331.1,52159.3,52199.4,25-11-2024 15:25
52554.9,52555.5,52250.15,52314.7,26-11-2024 09:15
52322.85,52359.65,52293.6,52311.45,26-11-2024 09:20
52310.65,52319.5,52245.95,52294.25,26-11-2024 09:25
52296.35,52367,52286.65,52351.1,26-11-2024 09:30
52350.75,52386.1,52302.05,52339.25,26-11-2024 09:35
52340.05,52347.65,52271,52290.35,26-11-2024 09:40
52290.6,52294.6,52173.35,52173.35,26-11-2024 09:45
52176.55,52247.6,52176.55,52185.45,26-11-2024 09:50
52183.75,52218.3,52118.5,52136.3,26-11-2024 09:55
52132.05,52267.55,52129.15,52231.55,26-11-2024 10:00
52233.2,52260.2,52203.55,52251.8,26-11-2024 10:05
52251.35,52288.15,52225.5,52240.5,26-11-2024 10:10
52237.1,52237.1,52043.7,52043.7,26-11-2024 10:15
52041.8,52077,51999.75,52011.1,26-11-2024 10:20
52012.75,52106.3,52012.75,52081.45,26-11-2024 10:25
52083.15,52119,52047.95,52063.45,26-11-2024 10:30
52064.15,52118.4,52043.7,52107.9,26-11-2024 10:35
52106,52113.5,52057.7,52096.15,26-11-2024 10:40
52091.7,52130.85,52080.45,52082.4,26-11-2024 10:45
52082,52143.25,52073.45,52132.85,26-11-2024 10:50
52133.25,52143,52097.7,52119.9,26-11-2024 10:55
52120.75,52147.6,52102.7,52147.6,26-11-2024 11:00
52140.35,52147.95,52084.1,52105.25,26-11-2024 11:05
52102.4,52123.35,52080.95,52085.65,26-11-2024 11:10
52087.15,52093.55,52055.15,52065.8,26-11-2024 11:15
52062.3,52093.35,52056.4,52093,26-11-2024 11:20
52090,52114.4,52083.6,52110,26-11-2024 11:25
52109.7,52142.3,52061.65,52118.65,26-11-2024 11:30
52119.3,52141.65,52113.6,52135.55,26-11-2024 11:35
52138.75,52170.35,52124.55,52130.1,26-11-2024 11:40
52130.1,52141.3,52118.95,52127.65,26-11-2024 11:45
52129.55,52152.15,52123.6,52127,26-11-2024 11:50
52126.5,52146.4,52115.15,52134.05,26-11-2024 11:55
52135.35,52143.9,52120.1,52133.95,26-11-2024 12:00
52135.8,52141.45,52096.1,52106.85,26-11-2024 12:05
52109.05,52123.35,52094.5,52113.5,26-11-2024 12:10
52114.7,52125.05,52092.7,52099.8,26-11-2024 12:15
52098.55,52111.7,52075.75,52101.4,26-11-2024 12:20
52102.15,52115,52083.85,52096.75,26-11-2024 12:25
52091.95,52118.85,52083.8,52097.95,26-11-2024 12:30
52091.7,52118.35,52089.55,52109.05,26-11-2024 12:35
52097.15,52129.1,52089.95,52119.65,26-11-2024 12:40
52104.9,52144.65,52104.9,52136.4,26-11-2024 12:45
52130.3,52155.65,52117.55,52129.55,26-11-2024 12:50
52123.65,52163.45,52117.35,52132.15,26-11-2024 12:55
52133.05,52140.55,52111.55,52127.25,26-11-2024 13:00
52126.55,52129.05,52090.15,52097,26-11-2024 13:05
52098.2,52115.05,52084.7,52094.6,26-11-2024 13:10
52098.2,52121.1,52086.95,52118.65,26-11-2024 13:15
52115.4,52137.95,52106.7,52121.4,26-11-2024 13:20
52122.05,52124.65,52089.9,52097.15,26-11-2024 13:25
52093,52121.25,52086.05,52112.75,26-11-2024 13:30
52117.3,52129.8,52069.05,52096.55,26-11-2024 13:35
52092.3,52109.6,52077.8,52084.85,26-11-2024 13:40
52079.6,52115.65,52079.6,52107.4,26-11-2024 13:45
52106.35,52113.65,52084.7,52096.35,26-11-2024 13:50
52096.2,52135.45,52093.15,52132.3,26-11-2024 13:55
52125.75,52158.05,52100.8,52154.55,26-11-2024 14:00
52149.75,52163.45,52100.25,52132.3,26-11-2024 14:05
52128.25,52145.05,52112,52116.15,26-11-2024 14:10
52116.1,52142.55,52111.25,52141.65,26-11-2024 14:15
52135.1,52153.8,52122.25,52153.8,26-11-2024 14:20
52152.95,52159.75,52125.3,52129.1,26-11-2024 14:25
52129.1,52152.35,52121.55,52148.65,26-11-2024 14:30
52147.4,52165.35,52142.2,52157.85,26-11-2024 14:35
52157.9,52183.25,52150.8,52166.25,26-11-2024 14:40
52165.2,52174,52144.75,52152.7,26-11-2024 14:45
52153.2,52189.6,52144.05,52188.85,26-11-2024 14:50
52185.2,52231.45,52178.8,52206.2,26-11-2024 14:55
52209.2,52231.85,52162.15,52177.35,26-11-2024 15:00
52178.8,52202.25,52138.3,52186.45,26-11-2024 15:05
52195.2,52223.5,52174.4,52212.6,26-11-2024 15:10
52215.15,52231.2,52186.75,52187.25,26-11-2024 15:15
52188.9,52220.65,52177.1,52187.9,26-11-2024 15:20
52188.35,52202.95,52158.95,52178.5,26-11-2024 15:25
52154.3,52295.75,52071.95,52194.95,27-11-2024 09:15
52201.7,52289.35,52185.95,52198.95,27-11-2024 09:20
52195.75,52214.65,52106.35,52106.6,27-11-2024 09:25
52101.4,52157.3,52092.65,52092.8,27-11-2024 09:30
52093.35,52133.3,52059,52073.75,27-11-2024 09:35
52072.2,52084.8,52019.65,52078.1,27-11-2024 09:40
52079.35,52129.45,52079.3,52093.05,27-11-2024 09:45
52095.4,52182.2,52092.35,52168.45,27-11-2024 09:50
52166.45,52171.55,52089.15,52093.05,27-11-2024 09:55
52092.2,52105.1,52060.8,52096.25,27-11-2024 10:00
52095.15,52118.55,52074.95,52077.65,27-11-2024 10:05
52078.7,52129.55,52052.45,52125.7,27-11-2024 10:10
52125.9,52146.95,52114.05,52131.85,27-11-2024 10:15
52129.85,52137.25,52060.3,52060.9,27-11-2024 10:20
52061.35,52089.55,52034.55,52063.85,27-11-2024 10:25
52062.9,52094.4,52052.6,52071.1,27-11-2024 10:30
52070.6,52111.15,52060.2,52088.15,27-11-2024 10:35
52091.7,52127.35,52088.2,52114.7,27-11-2024 10:40
52115.65,52122.8,52082.75,52086.1,27-11-2024 10:45
52086.2,52095.9,52069.2,52086.3,27-11-2024 10:50
52088.15,52136,52088.15,52136,27-11-2024 10:55
52135.5,52146.95,52117.3,52146.95,27-11-2024 11:00
52144.1,52188.9,52135.2,52176.6,27-11-2024 11:05
52177.35,52180.4,52134.7,52137.45,27-11-2024 11:10
52136.35,52169.7,52131.65,52154.8,27-11-2024 11:15
52155.5,52173.1,52140.3,52143.1,27-11-2024 11:20
52143.4,52171.65,52129.75,52160.3,27-11-2024 11:25
52157.45,52167.65,52126.55,52136.35,27-11-2024 11:30
52135.15,52166.1,52134.2,52162.85,27-11-2024 11:35
52164.8,52177.45,52151.15,52155.4,27-11-2024 11:40
52155.6,52167.05,52119.4,52137,27-11-2024 11:45
52134.9,52149.65,52112.2,52147.05,27-11-2024 11:50
52146.5,52259.3,52121.15,52258.45,27-11-2024 11:55
52259.8,52392.15,52201.4,52201.4,27-11-2024 12:00
52201.15,52334.4,52196.9,52334.15,27-11-2024 12:05
52336.45,52378.1,52314.6,52331.45,27-11-2024 12:10
52331.05,52408.5,52319.1,52372.4,27-11-2024 12:15
52379.55,52427.2,52364.15,52377.75,27-11-2024 12:20
52376.6,52412.8,52359.3,52394.7,27-11-2024 12:25
52392.4,52438.75,52389.45,52411.35,27-11-2024 12:30
52419.55,52444.35,52394.2,52438.6,27-11-2024 12:35
52436.45,52436.45,52396.15,52408.35,27-11-2024 12:40
52408.1,52434.25,52399.85,52431.2,27-11-2024 12:45
52432.65,52442.8,52391.6,52402.1,27-11-2024 12:50
52399.35,52419.25,52390.15,52412.65,27-11-2024 12:55
52412.55,52430.1,52379.9,52383.7,27-11-2024 13:00
52388.95,52416.35,52386.65,52402.8,27-11-2024 13:05
52402.95,52413.4,52381.8,52390.65,27-11-2024 13:10
52386.15,52400.65,52380.15,52388,27-11-2024 13:15
52388.9,52403.6,52376.7,52380.7,27-11-2024 13:20
52379.45,52418.45,52379.15,52390.75,27-11-2024 13:25
52384.4,52393.25,52353.05,52353.8,27-11-2024 13:30
52354.15,52403.15,52352.4,52388.15,27-11-2024 13:35
52388.95,52394.7,52372.3,52379.8,27-11-2024 13:40
52379.6,52398.75,52365.65,52377.7,27-11-2024 13:45
52381.05,52392.1,52369.45,52373.35,27-11-2024 13:50
52372.3,52388.7,52349.1,52368.8,27-11-2024 13:55
52364.45,52372.2,52327.25,52360.95,27-11-2024 14:00
52357.6,52380.75,52341.4,52362.35,27-11-2024 14:05
52362,52369.2,52324.45,52330.25,27-11-2024 14:10
52333.05,52355.15,52324.65,52350.6,27-11-2024 14:15
52348.6,52358.9,52328.5,52345.4,27-11-2024 14:20
52344.2,52375.25,52342.65,52363,27-11-2024 14:25
52358.3,52384.75,52357.5,52380.8,27-11-2024 14:30
52376.2,52388,52356.6,52365.55,27-11-2024 14:35
52363.7,52377.7,52315.8,52335.6,27-11-2024 14:40
52337.6,52351.9,52317.85,52325.55,27-11-2024 14:45
52323.85,52335.9,52303.8,52331.5,27-11-2024 14:50
52330.05,52342.8,52308.05,52325.3,27-11-2024 14:55
52325.75,52342.15,52265.9,52306.2,27-11-2024 15:00
52305,52351.1,52285.05,52295.5,27-11-2024 15:05
52294.5,52348.95,52292.6,52302,27-11-2024 15:10
52300.3,52305.55,52271.3,52285.25,27-11-2024 15:15
52281.35,52314.35,52279.1,52311.7,27-11-2024 15:20
52308.2,52317.95,52288.85,52302.55,27-11-2024 15:25
