52389.95,52457.2,52364.3,52452.55,28-11-2024 09:15
52458.75,52540,52441.25,52467.1,28-11-2024 09:20
52466.65,52505.7,52443.4,52482.3,28-11-2024 09:25
52478,52510.2,52453.55,52501.95,28-11-2024 09:30
52505.5,52532.15,52486.9,52519.85,28-11-2024 09:35
52520.5,52540.7,52474.5,52496.45,28-11-2024 09:40
52496.2,52563,52488.25,52551.15,28-11-2024 09:45
52552.35,52665.65,52546.7,52649.85,28-11-2024 09:50
52648.2,52692.05,52643.5,52689.3,28-11-2024 09:55
52689.4,52760.05,52684.2,52724.05,28-11-2024 10:00
52720.7,52737.55,52674.9,52735.85,28-11-2024 10:05
52734.95,52760.2,52698.85,52706.85,28-11-2024 10:10
52706.55,52718.2,52645,52647.45,28-11-2024 10:15
52653.55,52661.6,52608.2,52630.25,28-11-2024 10:20
52625.1,52637.05,52544,52554.8,28-11-2024 10:25
52550.7,52563.9,52393.25,52440.7,28-11-2024 10:30
52441.55,52448.05,52220.75,52306.15,28-11-2024 10:35
52303.35,52314.35,52151.4,52239.1,28-11-2024 10:40
52237.85,52254.5,52117.9,52152.85,28-11-2024 10:45
52150.35,52220.6,52145.6,52177.2,28-11-2024 10:50
52176.5,52227.3,52127.9,52220.55,28-11-2024 10:55
52221.85,52284.6,52188.85,52189.5,28-11-2024 11:00
52190.3,52214.55,52150.6,52157.7,28-11-2024 11:05
52152.75,52181,52135.15,52168.85,28-11-2024 11:10
52169.25,52183.6,52038.8,52078,28-11-2024 11:15
52077,52093.45,52022.7,52037,28-11-2024 11:20
52037.15,52082.5,52025.95,52082.5,28-11-2024 11:25
52082.8,52112.4,52069.45,52100.05,28-11-2024 11:30
52099.4,52113.4,52070.6,52108.1,28-11-2024 11:35
52111.05,52140.45,52093.2,52138.9,28-11-2024 11:40
52136.9,52230.35,52128.75,52230.35,28-11-2024 11:45
52228.6,52248.75,52162.5,52173.6,28-11-2024 11:50
52173.25,52174.55,52089.15,52091,28-11-2024 11:55
52092.45,52130.5,52076.65,52119.3,28-11-2024 12:00
52113.45,52189.35,52110.6,52181,28-11-2024 12:05
52179.15,52184,52132.05,52153.55,28-11-2024 12:10
52154.1,52160.65,52129.25,52148.8,28-11-2024 12:15
52148.4,52173.2,52139.15,52163.75,28-11-2024 12:20
52163.55,52224.55,52155.15,52219.75,28-11-2024 12:25
52220.5,52220.5,52125.4,52131.6,28-11-2024 12:30
52132.65,52133.2,52020.35,52054.45,28-11-2024 12:35
52052.35,52090.35,52025.85,52085.75,28-11-2024 12:40
52087.1,52087.1,52021.45,52046.6,28-11-2024 12:45
52046.9,52066.75,52023.25,52066.75,28-11-2024 12:50
52058.45,52075,52026.55,52035.65,28-11-2024 12:55
52027.05,52031.85,51942.85,51951.8,28-11-2024 13:00
51946.85,51979.6,51911.35,51943.05,28-11-2024 13:05
51945.35,51957.85,51908.3,51927.7,28-11-2024 13:10
51924.45,51942.5,51865.1,51882.25,28-11-2024 13:15
51882.15,51967.35,51879.3,51939.05,28-11-2024 13:20
51937.65,52024.6,51933.3,52008.4,28-11-2024 13:25
52010.05,52052.9,51995.25,52038.8,28-11-2024 13:30
52044,52044,51988.55,52013.2,28-11-2024 13:35
52011.9,52015.8,51958.55,51961.05,28-11-2024 13:40
51962.5,51988.85,51942.45,51959,28-11-2024 13:45
51957.35,51965.55,51933.2,51949.65,28-11-2024 13:50
51952.6,52084.15,51943.4,52072.2,28-11-2024 13:55
52070.95,52071.65,52023.1,52053.25,28-11-2024 14:00
52055,52117.4,52026.6,52030.9,28-11-2024 14:05
52035.5,52041.95,51782.9,51908.55,28-11-2024 14:10
51906.3,51906.3,51824.7,51866.7,28-11-2024 14:15
51862.95,51877.25,51821.6,51846.65,28-11-2024 14:20
51840.1,51992.35,51838.4,51931.05,28-11-2024 14:25
51931.35,52005.65,51903.9,51943.35,28-11-2024 14:30
51940.35,51940.55,51863.5,51871.15,28-11-2024 14:35
51869.9,51917.85,51827.4,51900.1,28-11-2024 14:40
51899.8,51919.9,51867.1,51902.5,28-11-2024 14:45
51892.9,51956.35,51891.85,51914.4,28-11-2024 14:50
51915.65,51951.1,51875.35,51905.4,28-11-2024 14:55
51902.2,51907.05,51849.95,51888.15,28-11-2024 15:00
51887.9,51890.05,51853.45,51872.25,28-11-2024 15:05
51874.2,51918.9,51865.9,51912.85,28-11-2024 15:10
51913.85,51944.4,51912.35,51942.95,28-11-2024 15:15
51944.35,51946.7,51914,51944.9,28-11-2024 15:20
51946.4,51987.95,51935.15,51983.4,28-11-2024 15:25
51984.15,52089.45,51982.85,52019.95,29-11-2024 09:15
52011.9,52083.4,51988.4,52032.4,29-11-2024 09:20
52030.35,52138.1,52002.95,52131.1,29-11-2024 09:25
52130.65,52170.9,52086.1,52155.25,29-11-2024 09:30
52151.65,52154.05,52083.15,52129.15,29-11-2024 09:35
52129.95,52131.4,52051.15,52056.25,29-11-2024 09:40
52054.7,52098.4,52044.05,52080.65,29-11-2024 09:45
52082.6,52118.15,52057.9,52095.15,29-11-2024 09:50
52095.6,52101.9,52020.45,52101.9,29-11-2024 09:55
52102.55,52120.15,52043.35,52057.1,29-11-2024 10:00
52055.2,52063.75,51912.1,51974.75,29-11-2024 10:05
51971.05,51971.05,51824.5,51824.5,29-11-2024 10:10
51824.9,51858.45,51778.6,51808.2,29-11-2024 10:15
51806.75,51844.8,51785.6,51808.95,29-11-2024 10:20
51808.3,51942.85,51780.5,51886.85,29-11-2024 10:25
51885.85,52052.2,51857.55,52021,29-11-2024 10:30
52020.65,52085.8,51997.7,52045.6,29-11-2024 10:35
52045.2,52078.6,51973.85,51973.85,29-11-2024 10:40
51972.35,52052.95,51968.45,52031.95,29-11-2024 10:45
52030.45,52071.7,51999.8,52009.25,29-11-2024 10:50
52007.35,52051.2,51979.35,52031.45,29-11-2024 10:55
52038.75,52058.2,52019.3,52043.45,29-11-2024 11:00
52043.85,52043.85,51977.3,51997.15,29-11-2024 11:05
51992.65,51994.45,51939.15,51969.4,29-11-2024 11:10
51975.8,51992.85,51951.8,51957.95,29-11-2024 11:15
51953.1,51997.1,51942.5,51989.55,29-11-2024 11:20
51989.25,52012.75,51975.55,51975.55,29-11-2024 11:25
51978.75,51990.2,51937.2,51943.15,29-11-2024 11:30
51938.85,51943.55,51869.5,51881.4,29-11-2024 11:35
51883.3,51905.85,51862.65,51891.8,29-11-2024 11:40
51891.25,51895.8,51846.6,51852.95,29-11-2024 11:45
51853.45,51858.15,51800.8,51812.3,29-11-2024 11:50
51816.75,51831.05,51792.3,51796.1,29-11-2024 11:55
51794.9,51820.2,51759.45,51795.75,29-11-2024 12:00
51794,51861.3,51789.45,51854.2,29-11-2024 12:05
51853.7,51895.9,51844.85,51889.6,29-11-2024 12:10
51889,51893.8,51837.2,51856.65,29-11-2024 12:15
51848.35,51858.6,51811.6,51830.7,29-11-2024 12:20
51830.05,51880.95,51822.2,51873.85,29-11-2024 12:25
51873,51912.55,51846.9,51912.55,29-11-2024 12:30
51914.5,51926.5,51866.6,51876.75,29-11-2024 12:35
51875.95,51880.75,51844.25,51855.05,29-11-2024 12:40
51854.8,51855.6,51816.4,51835.65,29-11-2024 12:45
51834.5,51857.9,51820.55,51844.75,29-11-2024 12:50
51843.7,51914.2,51839.85,51910.1,29-11-2024 12:55
51909.95,51926.5,51852.95,51862.6,29-11-2024 13:00
51860.6,51883.3,51853.95,51870.85,29-11-2024 13:05
51869,51898,51861.9,51884.8,29-11-2024 13:10
51885.05,51905.7,51868.4,51904.75,29-11-2024 13:15
51904.8,51952.3,51894.35,51952.3,29-11-2024 13:20
51948.45,51972.85,51922,51932,29-11-2024 13:25
51930.75,51982.05,51915.5,51968.5,29-11-2024 13:30
51967.7,51989.35,51962.8,51978.6,29-11-2024 13:35
51982.2,51995.35,51957.8,51970.05,29-11-2024 13:40
51971.55,51985.1,51942.55,51959.55,29-11-2024 13:45
51959.85,51977.3,51942.75,51971.15,29-11-2024 13:50
51971.1,52054.35,51960.15,52040.9,29-11-2024 13:55
52042.55,52071.75,52012.75,52044.85,29-11-2024 14:00
52042.7,52056.5,52010.35,52039.35,29-11-2024 14:05
52038.25,52044.75,51970.8,51977.55,29-11-2024 14:10
51977.15,52000.6,51951.25,51985.6,29-11-2024 14:15
51985.8,52042.05,51974.2,52039,29-11-2024 14:20
52038.8,52052.95,52021.85,52039.25,29-11-2024 14:25
52037.65,52067.25,52029.3,52058,29-11-2024 14:30
52056.25,52076.3,52028.75,52068.95,29-11-2024 14:35
52074.2,52122.55,52059.25,52064.45,29-11-2024 14:40
52067.35,52068.95,52028.2,52037.65,29-11-2024 14:45
52036.85,52063.1,52016.7,52034.1,29-11-2024 14:50
52033.95,52063.2,52011.5,52058.8,29-11-2024 14:55
52058.35,52112.65,52032.2,52080.45,29-11-2024 15:00
52089.65,52104.6,52054.4,52090.6,29-11-2024 15:05
52089.8,52091.1,52017.25,52044,29-11-2024 15:10
52044.95,52095.25,52039.5,52066.25,29-11-2024 15:15
52066.4,52069.2,52039.25,52043,29-11-2024 15:20
52048.1,52049.15,51998.05,52023.85,29-11-2024 15:25
,,,,
,,,,
,,,,
,,,,
